{
    "annotations": {
        "list": [
            {
                "builtIn": 1,
                "datasource": {
                    "type": "grafana",
                    "uid": "-- Grafana --"
                },
                "enable": true,
                "hide": true,
                "iconColor": "rgba(0, 211, 255, 1)",
                "name": "Annotations & Alerts",
                "type": "dashboard"
            }
        ]
    },
    "editable": true,
    "fiscalYearStartMonth": 0,
    "graphTooltip": 0,
    "id": 1,
    "links": [],
    "panels": [
        {
            "datasource": {
                "type": "open-weather-datasource",
                "uid": "PE5E72BEB4E3C6926"
            },
            "fieldConfig": {
                "defaults": {
                    "color": {
                        "mode": "thresholds"
                    },
                    "mappings": [],
                    "thresholds": {
                        "mode": "absolute",
                        "steps": [
                            {
                                "color": "green",
                                "value": null
                            },
                            {
                                "color": "red",
                                "value": 80
                            }
                        ]
                    }
                },
                "overrides": []
            },
            "gridPos": {
                "h": 8,
                "w": 12,
                "x": 0,
                "y": 0
            },
            "id": 2,
            "options": {
                "colorMode": "value",
                "graphMode": "area",
                "justifyMode": "auto",
                "orientation": "auto",
                "percentChangeColorMode": "standard",
                "reduceOptions": {
                    "calcs": [
                        "last"
                    ],
                    "fields": "",
                    "values": false
                },
                "showPercentChange": false,
                "textMode": "auto",
                "wideLayout": true
            },
            "pluginVersion": "11.3.2",
            "targets": [
                {
                    "datasource": {
                        "type": "open-weather-datasource",
                        "uid": "PE5E72BEB4E3C6926"
                    },
                    "location": "London,uk",
                    "mainParameter": "main",
                    "metric": [
                        "temp_max"
                    ],
                    "refId": "A",
                    "subParameter": [
                        "temp_max"
                    ],
                    "units": "metric"
                },
                {
                    "cityName": "marburg",
                    "datasource": {
                        "type": "open-weather-datasource",
                        "uid": "PE5E72BEB4E3C6926"
                    },
                    "hide": false,
                    "location": "marburg",
                    "mainParameter": "main",
                    "metric": [
                        "temp_max"
                    ],
                    "queryText": "marburg",
                    "refId": "B",
                    "subParameter": [
                        "temp_max"
                    ],
                    "units": "metric"
                }
            ],
            "title": "Panel Title",
            "type": "stat"
        },
        {
            "datasource": {
                "type": "open-weather-datasource",
                "uid": "PE5E72BEB4E3C6926"
            },
            "fieldConfig": {
                "defaults": {
                    "color": {
                        "mode": "palette-classic"
                    },
                    "custom": {
                        "axisBorderShow": false,
                        "axisCenteredZero": false,
                        "axisColorMode": "text",
                        "axisLabel": "",
                        "axisPlacement": "auto",
                        "barAlignment": 0,
                        "barWidthFactor": 0.6,
                        "drawStyle": "line",
                        "fillOpacity": 0,
                        "gradientMode": "none",
                        "hideFrom": {
                            "legend": false,
                            "tooltip": false,
                            "viz": false
                        },
                        "insertNulls": false,
                        "lineInterpolation": "linear",
                        "lineWidth": 1,
                        "pointSize": 5,
                        "scaleDistribution": {
                            "type": "linear"
                        },
                        "showPoints": "auto",
                        "spanNulls": false,
                        "stacking": {
                            "group": "A",
                            "mode": "none"
                        },
                        "thresholdsStyle": {
                            "mode": "off"
                        }
                    },
                    "mappings": [],
                    "thresholds": {
                        "mode": "absolute",
                        "steps": [
                            {
                                "color": "green",
                                "value": null
                            },
                            {
                                "color": "red",
                                "value": 80
                            }
                        ]
                    }
                },
                "overrides": []
            },
            "gridPos": {
                "h": 8,
                "w": 12,
                "x": 12,
                "y": 0
            },
            "id": 1,
            "options": {
                "legend": {
                    "calcs": [],
                    "displayMode": "list",
                    "placement": "bottom",
                    "showLegend": true
                },
                "tooltip": {
                    "mode": "single",
                    "sort": "none"
                }
            },
            "pluginVersion": "11.3.2",
            "targets": [
                {
                    "cityName": "London,uk",
                    "datasource": {
                        "type": "open-weather-datasource",
                        "uid": "PE5E72BEB4E3C6926"
                    },
                    "location": "London,uk",
                    "mainParameter": "main",
                    "metric": "temp",
                    "queryText": "London,uk",
                    "refId": "A",
                    "subParameter": [
                        "temp"
                    ],
                    "units": "metric"
                },
                {
                    "cityName": "marburg",
                    "datasource": {
                        "type": "open-weather-datasource",
                        "uid": "PE5E72BEB4E3C6926"
                    },
                    "hide": false,
                    "location": "marburg",
                    "mainParameter": "main",
                    "metric": [
                        "pressure"
                    ],
                    "queryText": "marburg",
                    "refId": "B",
                    "subParameter": [
                        "pressure"
                    ],
                    "units": "metric"
                }
            ],
            "title": "Panel Title",
            "type": "timeseries"
        }
    ],
    "preload": false,
    "refresh": "5s",
    "schemaVersion": 40,
    "tags": [],
    "templating": {
        "list": []
    },
    "time": {
        "from": "2025-02-02T21:00:00.000Z",
        "to": "2025-02-07T18:00:00.000Z"
    },
    "timepicker": {},
    "timezone": "browser",
    "title": "demo",
    "uid": "febvgx47cbpxce",
    "version": 3,
    "weekStart": ""
}